ID Perfil,Predicted
RW-001,LEOPARD
RW-002,LEOPARD
RW-003,GOLIATH
RW-004,LEOPARD
RW-005,GOLIATH
RW-006,ORBIS
RW-007,ORBIS
RW-008,LEOPARD
RW-009,GOLIATH
RW-010,GOLIATH
RW-011,LEOPARD
RW-012,VELOX
RW-013,LEOPARD
RW-014,VELOX
RW-015,ORBIS
RW-016,LEOPARD
RW-017,LEOPARD
RW-018,GOLIATH
RW-019,VELOX
RW-020,ORBIS
RW-021,VELOX
RW-022,VELOX
RW-023,ORBIS
RW-024,ORBIS
RW-025,VELOX
RW-026,VELOX
RW-027,ORBIS
RW-028,VELOX
RW-029,GOLIATH
RW-030,GOLIATH
RW-031,LEOPARD
RW-032,VELOX
RW-033,LEOPARD
RW-034,ORBIS
RW-035,GOLIATH
RW-036,GOLIATH
RW-037,LEOPARD
RW-038,ORBIS
RW-039,GOLIATH
RW-040,GOLIATH
RW-041,VELOX
RW-042,VELOX
RW-043,ORBIS
RW-044,VELOX
RW-045,VELOX
RW-046,ORBIS
RW-047,GOLIATH
RW-048,LEOPARD
RW-049,VELOX
RW-050,LEOPARD
RW-051,LEOPARD
RW-052,ORBIS
RW-053,GOLIATH
RW-054,VELOX
RW-055,ORBIS
RW-056,LEOPARD
RW-057,VELOX
RW-058,ORBIS
RW-059,VELOX
RW-060,LEOPARD
RW-061,GOLIATH
RW-062,VELOX
RW-063,LEOPARD
RW-064,ORBIS
RW-065,VELOX
RW-066,VELOX
RW-067,ORBIS
RW-068,GOLIATH
RW-069,VELOX
RW-070,ORBIS
RW-071,GOLIATH
RW-072,VELOX
RW-073,ORBIS
RW-074,VELOX
RW-075,VELOX
RW-076,LEOPARD
RW-077,LEOPARD
RW-078,GOLIATH
RW-079,VELOX
RW-080,VELOX
RW-081,GOLIATH
RW-082,GOLIATH
RW-083,VELOX
RW-084,LEOPARD
RW-085,ORBIS
RW-086,ORBIS
RW-087,GOLIATH
RW-088,VELOX
RW-089,VELOX
RW-090,ORBIS
RW-091,VELOX
RW-092,LEOPARD
RW-093,LEOPARD
RW-094,VELOX
RW-095,GOLIATH
RW-096,ORBIS
RW-097,LEOPARD
RW-098,LEOPARD
RW-099,GOLIATH
RW-100,LEOPARD
EC-001,LEOPARD
EC-002,GOLIATH
EC-003,ORBIS
EC-004,GOLIATH
EC-005,LEOPARD
EC-006,GOLIATH
EC-007,LEOPARD
EC-008,LEOPARD
EC-009,ORBIS
EC-010,ORBIS
EC-011,ORBIS
EC-012,ORBIS
EC-013,LEOPARD
EC-014,ORBIS
EC-015,LEOPARD
EC-016,LEOPARD
EC-017,VELOX
EC-018,VELOX
EC-019,VELOX
EC-020,VELOX
